Date,Store ID,Code,Article Number,Name,aisle,Brand,Package Size,Price,Unit,Sale Type
20231009,1302,20047452_EA,20047452,No.2 Cone Coffee Filters,Not Available,No Name,100 ea,3.79,ea,REGULAR
20231009,1302,20552223002_EA,20552223002,Unsweetened Frozen Concentrated Orange Juice with Pulp,Frozen,No Name,283 ml,1.99,ea,REGULAR
20231009,1302,21178783_EA,21178783,"Chicken Burger, Club Pack",Frozen,No Name,1810 g,10.49,ea,REGULAR
20231009,1302,21291288_EA,21291288,Microwave Butter Flavour Popcorn,"Snacks, Chips & Candy",No Name,247 g,2.49,ea,REGULAR
20231009,1302,20962493_EA,20962493,Cheese Flavoured Crunchy Snacks,"Snacks, Chips & Candy",No Name,200 g,2.49,ea,REGULAR
20231009,1302,20628489003_EA,20628489003,Ranch Dressing,Not Available,No Name,475 ml,2.79,ea,REGULAR
20231009,1302,20296985003_EA,20296985003,Smooth Light Peanut Butter,Not Available,No Name,1 kg,4.79,ea,REGULAR
20231009,1302,20090793_EA,20090793,Garlic Sausage Coil,Deli,No Name,750 g,10.0,ea,REGULAR
20231009,1302,20426035_EA,20426035,Walnut Pieces,Not Available,No Name,400 g,7.99,ea,REGULAR
20231009,1302,20119954_EA,20119954,Sweet Gherkins Pickles ,Not Available,No Name,375 ml,2.99,ea,REGULAR
20231009,1302,21431228_EA,21431228,White Dinner Roll,Bakery,No Name,420 g,2.99,ea,REGULAR
20231009,1302,20318678001_EA,20318678001,Chocolately Chip Cookies,"Snacks, Chips & Candy",No Name,907 g,3.99,ea,REGULAR
20231009,1302,20318678001_EA,20318678001,Chocolately Chip Cookies,"Snacks, Chips & Candy",No Name,907 g,3.99,ea,REGULAR
20231009,1302,20617499_EA,20617499,Poultry Seasoning,Not Available,No Name,70 g,2.49,ea,REGULAR
20231009,1302,20503035004_EA,20503035004,Grape Drink,Drinks,No Name,10x200.0 ml,2.79,ea,REGULAR
20231009,1302,21291313_EA,21291313,Popping Corn,Not Available,No Name,1 kg,2.49,ea,REGULAR
20231009,1302,20866993_EA,20866993,"Electric Burner Liners, Small",Household Supplies,No Name,10x10.0 ea,3.5,ea,REGULAR
20231009,1302,21291287_EA,21291287,Microwave Butter Flavour Popcorn,"Snacks, Chips & Candy",No Name,1980 g,10.99,ea,REGULAR
20231009,1302,20430551_EA,20430551,Artificial Vanilla Extract,Not Available,No Name,250 ml,4.79,ea,REGULAR
20231009,1302,20088698001_EA,20088698001,Medium Salsa,Not Available,No Name,430 ml,3.99,ea,REGULAR
20231009,1306,20047452_EA,20047452,No.2 Cone Coffee Filters,Not Available,No Name,100 ea,3.79,ea,REGULAR
20231009,1306,20734765_EA,20734765,Flat-Bottomed Lunch Bags ,Household Supplies,No Name,100 ea,4.99,ea,REGULAR
20231009,1306,20430176_EA,20430176,Artificial Vanilla Extract,Not Available,No Name,125 ml,2.99,ea,REGULAR
20231009,1306,20161576_EA,20161576,"Lemon Scent Dirt Release Powder Laundry Detergent, Club Pack",Household Supplies,No Name,14.5 kg,23.99,ea,REGULAR
20231009,1306,21375900_EA,21375900,Parchment Paper 50m,Household Supplies,No Name,1 ea,11.99,ea,REGULAR
20231009,1306,21042473_EA,21042473,Free and Clear Nature Dirt Release Detergent ,Household Supplies,No Name,2.03 l,3.99,ea,REGULAR
20231009,1306,20325160002_EA,20325160002,Unsweetened Fine Coconut,Not Available,No Name,200 g,2.29,ea,REGULAR
20231009,1306,20127455002_EA,20127455002,Slivered Almonds ,Not Available,No Name,100 g,3.49,ea,REGULAR
20231009,1306,21180324_EA,21180324,Apple Cider Vinegar,Not Available,No Name,4 l,4.49,ea,REGULAR
20231009,1306,20028559_EA,20028559,Original Party Mix,"Snacks, Chips & Candy",No Name,320 g,2.49,ea,SPECIAL
20231009,1306,20028559_EA,20028559,Original Party Mix,"Snacks, Chips & Candy",No Name,320 g,2.49,ea,SPECIAL
20231009,1306,20618573_EA,20618573,Ground Mustard,Not Available,No Name,100 g,2.49,ea,REGULAR
20231009,1306,20734371_EA,20734371,Original Smoked Sausages,Meat,No Name,900 g,10.0,ea,REGULAR
20231009,1306,21045704_EA,21045704,"Chicken Wings, Club Pack",Frozen,No Name,1.81 kg,23.99,ea,REGULAR
20231009,1306,20012070001_EA,20012070001,Oxy-Burst Multi-Purpose Stain Remover,Household Supplies,No Name,680 g,3.99,ea,REGULAR
20231009,1306,21120000_EA,21120000,"Aluminum Foil, Club Pack",Household Supplies,No Name,1 ea,21.99,ea,REGULAR
20231009,1306,20306897_EA,20306897,Napkins 1 Ply Club Size,Household Supplies,No Name,500 sheets,5.99,ea,REGULAR
20231009,1306,20148495_EA,20148495,Unsweetened Orange Juice from Concentrate Boxes,Drinks,No Name,10x200.0 ml,2.79,ea,REGULAR
20231009,1306,21509829_EA,21509829,Hot Dog Buns,Bakery,No Name,516 g,3.49,ea,REGULAR
20231009,1312,20996039_EA,20996039,"Roasted Peanuts, No Salt",Fruits & Vegetables,No Name,907 g,5.99,ea,REGULAR
20231009,1312,20805031_EA,20805031,Match Book,Home & Kitchen,No Name,1 ea,2.0,ea,REGULAR
20231009,1312,21456014_EA,21456014,Dill Pickle Sour Cream Dip,Dairy & Eggs,No Name,250 g,3.0,ea,REGULAR
20231009,1312,21030593_EA,21030593,Cheese Pizzas,Frozen,No Name,1740 g,12.0,ea,SPECIAL
20231009,1312,20321776_EA,20321776,Chocolate Baking Crumbs,Not Available,No Name,400 g,3.49,ea,REGULAR
20231009,1312,21348616_EA,21348616,Spicy Barbecue Potato Chips ,"Snacks, Chips & Candy",No Name,200 g,1.49,ea,REGULAR
20231009,1312,21180324_EA,21180324,Apple Cider Vinegar,Not Available,No Name,4 l,4.49,ea,REGULAR
20231009,1312,21297831_EA,21297831,Everything Bagels,Bakery,No Name,510 g,2.49,ea,REGULAR
20231009,1312,20320979_EA,20320979,Unsweetened Orange Juice from Concentrate,Drinks,No Name,1 l,1.39,ea,REGULAR
20231009,1312,20323024_EA,20323024,Fudge-Covered Graham Cookies,"Snacks, Chips & Candy",No Name,350 g,2.99,ea,SPECIAL
20231009,1312,20323024_EA,20323024,Fudge-Covered Graham Cookies,"Snacks, Chips & Candy",No Name,350 g,2.99,ea,SPECIAL
20231009,1312,20323322_EA,20323322,"Peas, Assorted Sizes ",Not Available,No Name,398 ml,1.29,ea,REGULAR
20231009,1312,20617736_EA,20617736,Onion Powder,Not Available,No Name,150 g,2.49,ea,REGULAR
20231009,1312,21063830_EA,21063830,Cooked Ham,Deli,No Name,175 g,3.0,ea,REGULAR
20231009,1312,21375912_EA,21375912,Multi-Purpose Stain Remover ,Household Supplies,No Name,651 ml,3.99,ea,REGULAR
20231009,1312,21380616_EA,21380616,Medium Roast Ground Coffee,Drinks,No Name,925 g,8.99,ea,REGULAR
20231009,1312,21206666_EA,21206666,Heavy-Duty Contractor Bags ,Household Supplies,No Name,10 ea,8.99,ea,REGULAR
20231009,1312,20866309_EA,20866309,"Cake Pans with Lids, 13x19""",Household Supplies,No Name,2x1.0 ea,5.0,ea,REGULAR
20231009,1312,20325649_EA,20325649,Stuffed Manzanilla Olives With Pimento Paste,Not Available,No Name,375 ml,1.99,ea,REGULAR
20231009,1326,21158728_EA,21158728,No Frills Grocery Reusable Bag,Home & Kitchen,No Name,1 ea,2.0,ea,REGULAR
20231009,1326,20685773002_EA,20685773002,Strawberry Stirred 0% M.F. Yogurt,Dairy & Eggs,No Name,650 g,3.19,ea,REGULAR
20231009,1326,21105534001_EA,21105534001,Tomatoes,Fruits & Vegetables,No Name,1.81 kg,4.0,ea,REGULAR
20231009,1326,21384149_EA,21384149,Paper Dinner Plates 40 Pack,Home & Kitchen,No Name,1 ea,7.5,ea,REGULAR
20231009,1326,20627614002_EA,20627614002,Mayonnaise,Not Available,No Name,890 ml,4.79,ea,REGULAR
20231009,1326,21037550_EA,21037550,Scented Dual Action Odour Control Scoopable Clumping Cat Litter ,Not Available,No Name,7 kg,9.99,ea,REGULAR
20231009,1326,21489589_EA,21489589,Bleach,Household Supplies,No Name,1.27 l,2.49,ea,REGULAR
20231009,1326,21289764_EA,21289764,Medium Cheddar Cheese,Dairy & Eggs,No Name,400 g,5.99,ea,REGULAR
20231009,1326,20079578_EA,20079578,Mushrooms Pieces & Stems,Not Available,No Name,284 ml,1.29,ea,REGULAR
20231009,1326,20323024_EA,20323024,Fudge-Covered Graham Cookies,"Snacks, Chips & Candy",No Name,350 g,2.99,ea,SPECIAL
20231009,1326,20323024_EA,20323024,Fudge-Covered Graham Cookies,"Snacks, Chips & Candy",No Name,350 g,2.99,ea,SPECIAL
20231009,1326,20307707005_EA,20307707005,Light Ranch Dressing,Not Available,No Name,475 ml,2.79,ea,REGULAR
20231009,1326,20096883_EA,20096883,All-Beef Wieners,Meat,No Name,450 g,6.0,ea,REGULAR
20231009,1326,20148493003_EA,20148493003,Diced White Potatoes,Not Available,No Name,540 ml,1.49,ea,REGULAR
20231009,1326,20155529_EA,20155529,Antibacterial Cellulose Sponges,Household Supplies,No Name,4 ea,3.0,ea,REGULAR
20231009,1326,20165317_EA,20165317,Magic Cleaning Pads,Household Supplies,No Name,2 pack,2.0,ea,REGULAR
20231009,1326,20870356_EA,20870356,"Pie Pans, Large",Household Supplies,No Name,3x1.0 ea,3.0,ea,REGULAR
20231009,1326,20035322_EA,20035322,Tomato Sauce,Not Available,No Name,398 ml,1.79,ea,REGULAR
20231009,1326,20142195_EA,20142195,Dishwasher Rinse Agent,Household Supplies,No Name,250 ml,3.99,ea,REGULAR
20231009,1335,20179276_EA,20179276,No.4 Cone Coffee Filters,Not Available,No Name,100 ea,3.79,ea,REGULAR
20231009,1335,20892439_EA,20892439,"Crackers and Cheese, Processed Cheese Product, Club Size","Snacks, Chips & Candy",No Name,24x29.0 g,9.49,ea,REGULAR
20231009,1335,20054575_EA,20054575,Elbow Macaroni Pasta,Not Available,No Name,2 kg,4.79,ea,REGULAR
20231009,1335,20085278_EA,20085278,Household Cleanser With Bleach ,Household Supplies,No Name,400 g,1.0,ea,REGULAR
20231009,1335,20742372_EA,20742372,Mozzarella 100% Real Cheese Slices ,Dairy & Eggs,No Name,230 g,4.99,ea,REGULAR
20231009,1335,21302823_EA,21302823,Regular Potato Chips ,"Snacks, Chips & Candy",No Name,200 g,1.49,ea,REGULAR
20231009,1335,20182879_EA,20182879,Ground Black Pepper,Not Available,No Name,540 g,12.99,ea,REGULAR
20231009,1335,21097615_EA,21097615,Crushed Pineapple in Pineapple Juice,Not Available,No Name,540 ml,1.79,ea,REGULAR
20231009,1335,21297831_EA,21297831,Everything Bagels,Bakery,No Name,510 g,2.49,ea,REGULAR
20231009,1335,20031065001_EA,20031065001,Space Pops,Frozen,No Name,30x75.0 ml,5.99,ea,REGULAR
20231009,1335,20316543002_EA,20316543002,Unsalted Butter,Dairy & Eggs,No Name,454 g,6.49,ea,REGULAR
20231009,1335,21360330_EA,21360330,Condensed Beef Consomm√© ,Not Available,No Name,284 ml,1.49,ea,REGULAR
20231009,1335,21431228_EA,21431228,White Dinner Roll,Bakery,No Name,420 g,2.99,ea,REGULAR
20231009,1335,20617953_EA,20617953,Bay Leaves,Not Available,No Name,20 g,2.99,ea,REGULAR
20231009,1335,21218696_EA,21218696,Streak-Free Glass Cleaner ,Household Supplies,No Name,765 ml,2.0,ea,SPECIAL
20231009,1335,20617951_EA,20617951,Whole Cashews,Not Available,No Name,100 g,3.49,ea,REGULAR
20231009,1335,20617951_EA,20617951,Whole Cashews,Not Available,No Name,100 g,3.49,ea,REGULAR
20231009,1335,20665613_EA,20665613,Non-Hydrogenated Margarine,Dairy & Eggs,No Name,1.36 kg,8.29,ea,REGULAR
20231009,1335,20114653_EA,20114653,Glace Mix,Not Available,No Name,450 g,6.99,ea,REGULAR
20231009,1335,20126627_EA,20126627,Cocktail Glass 90Z,Home & Kitchen,No Name,50x50.0 ea,5.5,ea,REGULAR
20231009,1341,20996039_EA,20996039,"Roasted Peanuts, No Salt",Fruits & Vegetables,No Name,907 g,5.99,ea,REGULAR
20231009,1341,21078863_EA,21078863,Strawberry Turnovers,"Snacks, Chips & Candy",No Name,300 g,3.19,ea,REGULAR
20231009,1341,20685942_EA,20685942,Plain Stirred 0% M.F. Yogurt,Dairy & Eggs,No Name,750 g,3.19,ea,REGULAR
20231009,1341,20034427_EA,20034427,100% Canadian Pure Creamed Honey,Not Available,No Name,500 g,6.99,ea,REGULAR
20231009,1341,20321776_EA,20321776,Chocolate Baking Crumbs,Not Available,No Name,400 g,3.49,ea,REGULAR
20231009,1341,20304664_EA,20304664,Light 5% M.F. Sour Cream ,Dairy & Eggs,No Name,250 ml,2.0,ea,REGULAR
20231009,1341,20114154_EA,20114154,Beef Burger 4 Oz,Frozen,No Name,1.36 kg,15.99,ea,REGULAR
20231009,1341,20316388_EA,20316388,Mixed Vegetables,Frozen,No Name,2 kg,5.99,ea,REGULAR
20231009,1341,21315093_EA,21315093,Cheddar Bacon Potato Chips,"Snacks, Chips & Candy",No Name,200 g,1.49,ea,REGULAR
20231009,1341,21297811_EA,21297811,Bagel Poppy Seed,Bakery,No Name,510 g,2.49,ea,REGULAR
20231009,1341,21431228_EA,21431228,White Dinner Roll,Bakery,No Name,420 g,2.99,ea,REGULAR
20231009,1341,20617756_EA,20617756,Sesame Seeds,Not Available,No Name,150 g,2.49,ea,REGULAR
20231009,1341,20617756_EA,20617756,Sesame Seeds,Not Available,No Name,150 g,2.49,ea,REGULAR
20231009,1341,20923828_EA,20923828,Quick 100% Whole Grain Oats,Not Available,No Name,1 kg,2.99,ea,REGULAR
20231009,1341,20322949_EA,20322949,Old-Fashioned Pancake Mix,Not Available,No Name,905 g,2.79,ea,REGULAR
20231009,1341,20867064_EA,20867064,Pot Pie Pans with Lids,Household Supplies,No Name,6x1.0 ea,4.0,ea,REGULAR
20231009,1341,21301584_EA,21301584,Raspberry Turnover,"Snacks, Chips & Candy",No Name,300 g,3.19,ea,REGULAR
20231009,1341,21063830_EA,21063830,Cooked Ham,Deli,No Name,175 g,3.0,ea,REGULAR
20231009,1341,20155529_EA,20155529,Antibacterial Cellulose Sponges,Household Supplies,No Name,4 ea,3.0,ea,REGULAR
20231009,1341,20647008_EA,20647008,Pitted Prunes,Not Available,No Name,750 g,12.49,ea,REGULAR
20231009,1346,21184786_EA,21184786,Reusable Grocery No Frills Bin,Home & Kitchen,No Name,1 ea,6.0,ea,REGULAR
20231009,1346,21480144_EA,21480144,Naturally Imperfect Frozen Berry Blend,Frozen,No Name,2 kg,13.0,ea,REGULAR
20231009,1346,21097609_EA,21097609,Sliced Pineapple in Pineapple Juice,Not Available,No Name,540 ml,1.79,ea,REGULAR
20231009,1346,21213760_EA,21213760,Graham Cracker Pie Crust,Not Available,No Name,170 g,2.49,ea,REGULAR
20231009,1346,20316375005_EA,20316375005,Chocolate Chips Waffles,Frozen,No Name,280 g,2.99,ea,REGULAR
20231009,1346,21302946_EA,21302946,Salt & Vinegar Potato Chips,"Snacks, Chips & Candy",No Name,200 g,1.49,ea,REGULAR
20231009,1346,20628489004_EA,20628489004,French Dressing,Not Available,No Name,475 ml,2.79,ea,REGULAR
20231009,1346,20617972_EA,20617972,Rosemary Leaves,Not Available,No Name,50 g,2.49,ea,REGULAR
20231009,1346,21337562_EA,21337562,Dark Chocolate with Almonds,"Snacks, Chips & Candy",No Name,100 g,1.0,ea,REGULAR
20231009,1346,20316212003_EA,20316212003,"Peanut Butter, Smooth Light",Not Available,No Name,500 g,3.29,ea,REGULAR
20231009,1346,20302770_EA,20302770,Ice Milk Neapolitan Club Pack,Frozen,No Name,4 l,6.0,ea,REGULAR
20231009,1346,20127768_EA,20127768,100% Pure Peanut Oil,Not Available,No Name,946 ml,7.49,ea,REGULAR
20231009,1346,20823988_EA,20823988,2% M.F. Cottage Cheese ,Dairy & Eggs,No Name,750 g,5.0,ea,REGULAR
20231009,1346,20866309_EA,20866309,"Cake Pans with Lids, 13x19""",Household Supplies,No Name,2x1.0 ea,5.0,ea,REGULAR
20231009,1346,21013106_EA,21013106,Chocolatey Chip Ice Cream Sandwiches,Frozen,No Name,24x120.0 ml,10.0,ea,REGULAR
